{"cameraMode":{"drawMode":0,"name":"Shaded","section":"Shading Mode"},"sceneLighting":false,"audioPlay":false,"sceneViewState":{"showFog":false,"showMaterialUpdate":false,"showSkybox":false,"showFlares":false,"showImageEffects":false,"showParticleSystems":false},"in2DMode":false,"pivot":{"x":-0.4167972207069397,"y":4.079138278961182,"z":3.474316120147705},"rotation":{"x":0.06587644666433335,"y":0.14114245772361756,"z":-0.009463345631957055,"w":0.9877933859825134},"size":9.914563179016114,"orthographic":false}