{"cameraMode":{"drawMode":0,"name":"Shaded","section":"Shading Mode"},"sceneLighting":false,"audioPlay":false,"sceneViewState":{"showFog":false,"showMaterialUpdate":false,"showSkybox":false,"showFlares":false,"showImageEffects":false,"showParticleSystems":false},"in2DMode":false,"pivot":{"x":-12.657939910888672,"y":6.7473344802856449,"z":0.9682703018188477},"rotation":{"x":-0.1446225494146347,"y":-0.3899388909339905,"z":0.062248967587947848,"w":-0.9073477983474731},"size":9.841327667236329,"orthographic":false}