{"cameraMode":{"drawMode":0,"name":"Shaded","section":"Shading Mode"},"sceneLighting":false,"audioPlay":false,"sceneViewState":{"showFog":false,"showMaterialUpdate":false,"showSkybox":false,"showFlares":false,"showImageEffects":false,"showParticleSystems":false},"in2DMode":false,"pivot":{"x":-0.27840447425842287,"y":3.240604877471924,"z":-1.847032070159912},"rotation":{"x":-0.021796882152557374,"y":0.3903237283229828,"z":-0.009302170015871525,"w":-0.9204065799713135},"size":1.842113971710205,"orthographic":false}