{"cameraMode":{"drawMode":0,"name":"Shaded","section":"Shading Mode"},"sceneLighting":false,"audioPlay":false,"sceneViewState":{"showFog":false,"showMaterialUpdate":false,"showSkybox":false,"showFlares":false,"showImageEffects":false,"showParticleSystems":false},"in2DMode":false,"pivot":{"x":-1.624133825302124,"y":4.447788238525391,"z":-2.0109267234802248},"rotation":{"x":-0.031704798340797427,"y":-0.20451472699642182,"z":-0.006660619284957647,"w":0.9783681631088257},"size":3.7959835529327394,"orthographic":false}