{"cameraMode":{"drawMode":0,"name":"Shaded","section":"Shading Mode"},"sceneLighting":false,"audioPlay":false,"sceneViewState":{"showFog":false,"showMaterialUpdate":false,"showSkybox":false,"showFlares":false,"showImageEffects":false,"showParticleSystems":false},"in2DMode":false,"pivot":{"x":-10.11467456817627,"y":6.461652755737305,"z":-2.8839468955993654},"rotation":{"x":0.06880523264408112,"y":-0.06370256841182709,"z":0.004407097585499287,"w":0.9955902695655823},"size":3.378953218460083,"orthographic":false}