{"cameraMode":{"drawMode":0,"name":"Shaded","section":"Shading Mode"},"sceneLighting":false,"audioPlay":false,"sceneViewState":{"showFog":false,"showMaterialUpdate":false,"showSkybox":false,"showFlares":false,"showImageEffects":false,"showParticleSystems":false},"in2DMode":false,"pivot":{"x":0.1492481231689453,"y":4.423678398132324,"z":-0.940462052822113},"rotation":{"x":0.04619860276579857,"y":0.7125322222709656,"z":0.04707004129886627,"w":-0.6985718011856079},"size":3.9990179538726808,"orthographic":false}